Wall time,Step,Value
1549735132.2897558,33699,2811.0
1549735271.214241,65867,2922.0
1549735281.977407,68044,686.0
1549735368.5255702,85347,3000.0
1549735425.995157,98521,78.0
1549735477.632532,108787,164.0
1549735573.092541,128068,817.0
1549735579.741088,129544,515.0
1549735592.475635,132253,293.0
1549735657.110394,146747,186.0
1549735661.728835,147791,147.0
1549735683.299167,152688,133.0
1549735696.782987,155718,193.0
1549735704.003137,157372,353.0
1549735744.2730439,165949,339.0
1549735745.998519,166344,168.0
1549735752.359149,167784,109.0
1549735778.3604858,173583,388.0
1549735793.028139,176956,128.0
1549735836.2715242,186654,70.0
1549735850.114902,189920,90.0
1549735862.57257,192877,183.0
1549735871.904387,195074,262.0
1549735922.195262,205672,848.0
1549735945.2616699,210255,114.0
1549735957.416427,212848,135.0
1549735962.603477,213934,102.0
1549735963.097616,214044,110.0
1549735986.629309,218893,130.0
1549735995.821078,220860,106.0
1549736004.2130182,222795,173.0
1549736011.881172,224494,123.0
1549736018.536799,225817,188.0
1549736043.75811,231350,99.0
1549736048.8459258,232450,170.0
1549736054.0100322,233423,110.0
1549736074.197372,237461,163.0
1549736076.719521,237926,82.0
1549736077.9711092,238167,105.0
1549736089.720732,240277,124.0
1549736091.634114,240658,349.0
1549736096.968779,241757,159.0
1549736104.295912,243102,68.0
1549736113.183697,244728,473.0
1549736140.018465,249544,192.0
1549736226.757607,266353,178.0
1549736242.735662,269157,229.0
1549736248.061205,270253,59.0
1549736248.5070982,270350,97.0
1549736252.9019039,271300,90.0
1549736255.51368,271892,15.0
1549736265.30749,274162,84.0
1549736267.885582,274731,173.0
1549736275.7900438,276314,114.0
1549736305.864005,282809,151.0
1549736307.683605,283240,147.0
1549736311.2800682,284074,129.0
1549736315.7459142,284937,168.0
1549736326.673392,287246,127.0
1549736330.855319,288161,188.0
1549736332.9595258,288572,134.0
1549736363.352305,295252,36.0
1549736365.935153,295769,24.0
1549736366.6505651,295915,146.0
1549736375.56103,297737,74.0
1549736380.976991,298918,74.0
1549736403.006797,303759,62.0
1549736409.340309,305171,53.0
1549736432.6914911,310197,106.0
1549736433.385424,310337,22.0
1549736438.506834,311415,112.0
1549736440.1859782,311751,73.0
1549736462.970119,315724,27.0
1549736465.127393,316171,96.0
1549736473.846482,318005,115.0
1549736478.634298,319005,102.0
1549736482.421928,319814,123.0
1549736494.7866151,322399,72.0
1549736499.782153,323361,112.0
1549736503.1953669,324093,118.0
1549736506.537635,324804,124.0
1549736519.65479,327572,98.0
1549736530.94849,329996,100.0
1549736537.1945221,331353,83.0
1549736543.0627358,332596,97.0
1549736544.401089,332882,63.0
1549736552.805834,334277,116.0
1549736566.226274,337128,52.0
1549736581.2674959,340304,55.0
1549736585.2943182,341162,51.0
1549736588.9727092,341956,76.0
1549736591.3612201,342472,75.0
1549736595.0983639,343265,104.0
1549736599.419465,344191,81.0
1549736599.99758,344316,58.0
1549736600.551379,344434,19.0
1549736617.329812,347982,67.0
1549736632.425189,351211,88.0
1549736639.685864,352738,80.0
1549736643.309471,353514,116.0
1549736648.2431622,354580,57.0
1549736649.009832,354747,32.0
1549736652.1307251,355424,79.0
1549736667.527523,358657,88.0
1549736673.400724,359916,37.0
1549736677.0553012,360681,55.0
1549736678.178556,360920,94.0
1549736684.913795,362371,48.0
1549736696.873599,364931,116.0
1549736701.129266,365826,68.0
1549736708.59324,367445,65.0
1549736721.9203541,370317,54.0
1549736723.079977,370569,93.0
1549736723.497052,370658,89.0
1549736726.340405,371266,62.0
1549736728.6439219,371758,85.0
1549736731.628205,372382,87.0
1549736749.525416,376013,77.0
1549736751.608137,376510,71.0
1549736754.1837618,377128,38.0
1549736760.4323819,378629,97.0
1549736761.706412,378937,75.0
1549736764.690225,379660,65.0
1549736766.5855,380117,72.0
1549736767.603434,380364,50.0
1549736772.375615,381514,53.0
1549736773.493647,381774,29.0
1549736773.77313,381842,68.0
1549736774.976655,382133,69.0
1549736778.892446,383044,36.0
1549736780.360811,383399,123.0
1549736785.010473,384520,67.0
1549736789.2473469,385507,63.0
1549736792.085357,386171,109.0
1549736795.418636,386950,60.0
1549736801.3094149,388361,44.0
1549736803.508487,388885,56.0
1549736812.644744,391055,65.0
1549736812.776405,391086,31.0
1549736813.293827,391208,44.0
1549736824.3046908,393863,66.0
1549736826.543638,394404,66.0
1549736828.94931,394985,76.0
1549736829.324876,395075,77.0
1549736830.723296,395413,109.0
1549736837.66326,397056,66.0
1549736837.865197,397104,48.0
1549736840.5531101,397752,15.0
1549736841.020362,397863,55.0
1549736842.285782,398168,93.0
1549736845.380447,398910,74.0
1549736847.425594,399405,94.0
1549736849.8420851,399986,11.0
1549736853.818932,400943,69.0
1549736855.6436858,401385,76.0
1549736869.9345012,404796,94.0
1549736892.857332,410325,88.0
1549736898.48858,411651,59.0
1549736907.3012202,413769,41.0
1549736910.557431,414553,48.0
1549736918.8453262,416531,60.0
1549736939.318451,421378,48.0
1549736944.10709,422518,68.0
1549736950.067115,423950,65.0
1549736959.746162,426221,58.0
1549736961.763762,426705,32.0
1549736969.812605,428623,59.0
1549736974.385876,429720,45.0
1549736976.0339599,430115,40.0
1549736976.911031,430327,82.0
1549736990.2697978,433475,56.0
1549737004.257353,436819,78.0
1549737007.673375,437637,52.0
1549737011.972738,438669,65.0
1549737012.1063879,438700,31.0
1549737020.479755,440605,70.0
1549737022.239414,441005,14.0
1549737023.032585,441179,60.0
1549737023.253149,441230,51.0
1549737023.7737322,441352,61.0
1549737024.156877,441440,88.0
1549737030.938211,443062,94.0
1549737040.940133,445466,95.0
1549737052.764957,448273,59.0
1549737061.910003,450472,86.0
1549737069.676994,452336,93.0
1549737071.0463748,452666,124.0
1549737077.589587,454183,78.0
1549737083.3966331,455429,57.0
1549737087.747329,456422,67.0
1549737092.934647,457435,24.0
1549737102.218899,459445,84.0
1549737103.194774,459622,32.0
1549737111.0303192,461294,78.0
1549737128.7142558,465127,78.0
1549737135.707576,466293,63.0
1549737136.2068841,466413,28.0
1549737136.5848691,466503,22.0
1549737138.645952,466965,91.0
1549737146.154164,468765,28.0
1549737149.584328,469571,74.0
1549737163.7346282,472935,50.0
1549737164.692063,473164,68.0
1549737167.783745,473884,25.0
1549737238.0916119,490845,119.0
1549737242.898939,491998,79.0
1549737244.1034849,492283,58.0
1549737244.5726259,492395,51.0
1549737247.7557561,493160,48.0
1549737257.1706398,495384,109.0
1549737260.78107,496247,65.0
1549737273.269251,499212,42.0
1549737276.324703,499947,61.0
1549737279.896853,500799,67.0
1549737286.5237172,502379,48.0
1549737296.652996,504770,79.0
1549737299.317215,505403,79.0
1549737300.188405,505611,81.0
1549737313.478636,508777,85.0
1549737314.8175051,509095,70.0
1549737317.7873878,509778,70.0
1549737342.3319612,515664,67.0
1549737347.091007,516785,51.0
1549737347.441542,516853,68.0
1549737347.8068218,516940,74.0
1549737349.596318,517365,115.0
1549737349.905073,517439,74.0
1549737359.939849,519844,31.0
1549737363.502541,520670,227.0
1549737365.461102,521145,156.0
1549737368.220531,521810,72.0
1549737470.816612,546725,82.0
1549737472.204976,547061,19.0
1549737478.720232,548635,83.0
1549737485.56689,550284,92.0
1549737489.726089,551280,102.0
1549737490.489231,551464,69.0
1549737537.324621,562844,169.0
1549737549.3280692,565759,55.0
1549737550.9164429,566140,72.0
1549737552.126303,566430,38.0
1549737559.589175,568196,15.0
1549737560.397465,568391,94.0
1549737577.43345,572471,43.0
1549737603.36197,578705,57.0
1549737624.7569711,583867,55.0
1549737679.190648,597070,19.0
1549737679.85054,597228,66.0
1549737695.141292,600937,3000.0
1549737716.777774,606175,54.0
1549737723.6405609,607823,43.0
1549737725.431034,608254,77.0
1549737726.373535,608481,58.0
1549737727.797436,608822,49.0
1549737735.939879,610761,100.0
1549737736.814325,610970,46.0
1549737743.604548,612595,22.0
1549737745.430076,613033,56.0
1549737746.963284,613396,27.0
1549737751.3251789,614434,54.0
1549737754.033196,615067,60.0
1549737754.5182898,615179,47.0
1549737764.1872032,617490,36.0
1549737766.612394,618070,52.0
1549737775.2101061,620102,54.0
1549737790.342651,623702,65.0
1549737792.1836789,624141,26.0
1549737792.8059819,624290,47.0
1549737809.132877,628168,35.0
1549737809.567856,628269,75.0
1549737809.755386,628314,45.0
1549737820.3385038,630823,33.0
1549737824.4567308,631800,53.0
1549737825.9628422,632151,36.0
1549737836.1485262,634559,32.0
1549737839.69216,635404,43.0
1549737841.467531,635820,68.0
1549737848.097924,637402,61.0
1549737858.349448,639834,58.0
1549737866.707863,641811,57.0
1549737869.564241,642478,32.0
1549737872.694315,643224,23.0
1549737888.1655302,646913,59.0
1549737893.391691,648163,41.0
1549737906.097045,651202,34.0
1549737910.40061,652227,39.0
1549737910.8350348,652331,42.0
1549737917.068029,653807,47.0
1549737922.993362,655170,32.0
1549737926.375349,655954,30.0
1549737935.581438,658134,69.0
1549737941.051734,659435,56.0
1549737941.3907342,659516,43.0
1549737942.1279528,659691,52.0
1549737945.0638988,660383,57.0
1549737953.67824,662438,14.0
1549737954.177021,662557,32.0
1549737965.110494,665154,61.0
1549737971.9344692,666768,17.0
1549737972.126077,666813,45.0
1549737975.5910752,667632,29.0
1549737976.0613272,667744,37.0
1549737983.964001,669631,36.0
1549737984.358233,669725,41.0
1549737986.676084,670283,72.0
1549738079.6828742,692838,1297.0
1549738090.483267,695445,14.0
1549738096.849437,696969,74.0
1549738099.8579898,697697,40.0
1549738110.1602402,700192,66.0
1549738116.617762,701738,36.0
1549738120.892519,702761,46.0
1549738121.714887,702956,43.0
1549738127.330373,704307,52.0
1549738128.173103,704506,63.0
1549738137.93397,706843,66.0
1549738146.8598,708982,634.0
1549738147.292492,709085,54.0
1549738154.683161,710858,71.0
1549738156.773706,711359,49.0
1549738173.195036,715288,38.0
1549738176.644733,716109,59.0
1549738179.298719,716734,41.0
1549738180.398895,716996,43.0
1549738182.68836,717542,42.0
1549738211.7669,724504,43.0
1549738217.3770912,725847,59.0
1549738218.3379111,726072,44.0
1549738252.0585191,734237,47.0
1549738258.791044,735861,55.0
1549738260.785762,736337,38.0
1549738266.091203,737614,28.0
1549738270.212054,738592,47.0
1549738320.4020019,750690,59.0
1549738320.4789581,750708,18.0
1549738321.1131709,750859,60.0
1549738342.4430752,756023,77.0
1549738342.680775,756080,57.0
1549738347.3170428,757200,68.0
1549738377.573641,764515,87.0
1549738379.548553,764988,52.0
1549738380.230047,765152,86.0
1549738387.247642,766840,158.0
1549738407.773023,771774,36.0
1549738409.9899058,772302,84.0
1549738413.983865,773270,576.0
1549738416.6967869,773926,217.0
1549738419.529971,774608,39.0
1549738420.204235,774770,55.0
1549738421.812347,775157,48.0
1549738424.125323,775703,14.0
1549738424.923286,775889,69.0
1549738428.273819,776692,103.0
1549738440.2215538,779568,46.0
1549738441.0647428,779770,50.0
1549738443.567623,780368,53.0
1549738464.629884,785407,51.0
1549738467.459263,786073,60.0
1549738468.9813309,786424,40.0
1549738471.7133088,787077,24.0
1549738472.015645,787150,73.0
1549738488.3207018,791053,102.0
1549738495.8209972,792845,45.0
1549738496.627253,793039,100.0
1549738504.222202,794861,19.0
1549738509.847977,796207,111.0
1549738515.093853,797443,51.0
1549738527.416256,800387,41.0
1549738530.6171489,801147,36.0
1549738532.464302,801589,57.0
1549738536.6793401,802592,13.0
1549738540.6738648,803545,52.0
1549738549.3710878,805610,39.0
1549738554.444968,806821,61.0
1549738561.04736,808389,59.0
1549738573.631975,811384,61.0
1549738576.5283399,812078,45.0
1549738581.085391,813166,37.0
1549738583.560033,813756,50.0
1549738583.89325,813836,80.0
1549738588.655898,814975,86.0
1549738594.143831,816286,38.0
1549738598.459332,817316,102.0
1549738607.062032,819359,39.0
1549738607.603887,819489,57.0
1549738609.021342,819825,14.0
1549738610.930662,820280,21.0
1549738611.431465,820399,63.0
1549738612.638119,820687,35.0
1549738615.019538,821254,94.0
1549738620.9232771,822659,37.0
1549738625.3453372,823713,33.0
1549738643.69804,828085,53.0
1549738654.331819,830637,24.0
1549738658.551232,831646,71.0
1549738662.021452,832478,108.0
1549738666.9127748,833656,68.0
1549738668.54299,834044,76.0
1549738674.424011,835451,19.0
1549738675.270174,835653,35.0
1549738676.47748,835942,71.0
1549738680.375165,836872,38.0
1549738683.478961,837616,48.0
1549738684.138092,837774,48.0
1549738689.264447,838991,69.0
1549738691.193457,839451,49.0
1549738693.672731,840033,70.0
1549738701.272135,841849,95.0
1549738702.42698,842126,67.0
1549738715.5842218,845256,39.0
1549738715.81098,845310,54.0
1549738734.783066,849865,1294.0
1549738776.452821,859908,57.0
1549738778.4506502,860385,46.0
1549738789.88866,863127,40.0
1549738792.239747,863689,59.0
1549738795.364769,864437,63.0
1549738798.8831842,865262,50.0
1549738809.443042,867764,59.0
1549738814.715662,869021,53.0
1549738820.53615,870405,35.0
1549738821.219017,870568,54.0
1549738824.5175822,871357,59.0
1549738827.720608,872122,91.0
1549738828.7364092,872362,44.0
1549738837.3578491,874422,43.0
1549738839.867584,875016,28.0
1549738842.605675,875672,151.0
1549738845.112658,876264,35.0
1549738846.946282,876703,38.0
1549738851.4938052,877792,54.0
1549738852.7393532,878092,98.0
1549738853.3353019,878234,101.0
1549738854.264589,878455,36.0
1549738858.015243,879352,54.0
1549738858.733313,879521,75.0
1549738859.6563468,879741,22.0
1549738861.560244,880186,110.0
1549738876.898697,883823,13.0
1549738877.065588,883863,40.0
1549738877.391621,883941,36.0
1549738881.87141,885004,26.0
1549738882.8339598,885234,33.0
1549738883.7179132,885442,47.0
1549738886.5366778,886114,47.0
1549738894.6104221,888008,14.0
1549738895.6806421,888262,23.0
1549738899.062598,889060,29.0
1549738900.801901,889472,56.0
1549738905.977615,890679,41.0
1549738906.129981,890715,36.0
1549738907.816351,891118,58.0
1549738914.345815,892667,21.0
1549738915.732169,892998,31.0
1549738916.66638,893222,43.0
1549738922.548494,894606,34.0
1549738930.7081752,896544,32.0
1549738931.212943,896663,25.0
1549738935.15281,897591,29.0
1549738938.57567,898396,55.0
1549738939.1834939,898541,40.0
1549738943.144053,899480,55.0
1549738945.1182668,899948,29.0
1549738949.374332,900931,40.0
1549738950.5320058,901199,42.0
1549738953.450809,901877,14.0
1549738953.90834,901986,49.0
1549738954.504715,902129,38.0
1549738958.407001,903050,62.0
1549738958.9079711,903170,69.0
1549738960.095715,903454,100.0
1549738962.390312,904002,55.0
1549738964.6868281,904541,30.0
1549738968.940894,905557,35.0
1549738972.07774,906305,38.0
1549738973.668761,906685,33.0
1549738975.6832,907166,49.0
1549738979.5381088,908082,45.0
1549738984.0676842,909156,46.0
1549738985.391608,909471,34.0
1549738989.214819,910380,29.0
1549738993.1033401,911302,25.0
1549739002.589254,913561,35.0
1549739004.153713,913933,59.0
1549739014.742544,916454,26.0
1549739016.4421911,916859,41.0
1549739018.025281,917236,36.0
1549739022.93406,918399,26.0
1549739026.421396,919213,58.0
1549739028.388192,919679,43.0
1549739031.6087208,920448,54.0
1549739033.5898979,920920,76.0
1549739039.653643,922361,54.0
1549739043.338353,923236,20.0
1549739051.442863,925166,35.0
1549739052.099463,925323,47.0
1549739055.886487,926215,14.0
1549739057.09724,926503,47.0
1549739062.392677,927764,47.0
1549739077.00563,931220,13.0
1549739078.771035,931642,41.0
1549739079.8679,931901,34.0
1549739082.506668,932526,63.0
1549739086.658481,933512,35.0
1549739088.5407622,933957,43.0
1549739090.309441,934376,64.0
1549739093.4571362,935128,42.0
1549739098.2093718,936249,48.0
1549739099.467446,936549,45.0
1549739103.651424,937543,53.0
1549739107.865243,938555,72.0
1549739120.411299,941536,33.0
1549739122.256147,941977,38.0
1549739132.41376,944398,78.0
1549739139.149748,945997,50.0
1549739139.942076,946187,54.0
1549739147.940237,948096,63.0
1549739152.8989298,949277,28.0
1549739166.7723489,952585,59.0
1549739184.734219,956852,51.0
1549739185.725203,957088,39.0
1549739186.318601,957230,61.0
1549739189.6170108,958014,20.0
1549739191.6612391,958500,41.0
1549739196.283411,959600,59.0
1549739197.4681349,959883,32.0
1549739200.405568,960579,54.0
1549739201.619313,960869,65.0
1549739203.3869429,961281,49.0
1549739207.826371,962338,44.0
1549739210.824298,963047,42.0
1549739215.7996428,964233,66.0
1549739222.239893,965751,40.0
1549739224.6107142,966315,20.0
1549739228.73632,967300,72.0
1549739229.978059,967595,61.0
1549739231.1269498,967869,59.0
1549739247.564178,971781,57.0
1549739253.085185,973089,16.0
1549739253.656457,973224,45.0
1549739256.7080598,973951,42.0
1549739257.968056,974253,78.0
1549739259.108167,974524,103.0
1549739264.6703181,975830,42.0
1549739267.4343889,976491,49.0
1549739269.7831502,977050,51.0
1549739271.518371,977464,43.0
1549739272.214963,977630,57.0
1549739272.353178,977663,33.0
1549739277.557421,978901,58.0
1549739279.811074,979436,63.0
1549739283.828205,980390,41.0
1549739283.999413,980431,41.0
1549739285.9170702,980884,39.0
1549739291.9884212,982329,79.0
1549739294.2577019,982868,62.0
1549739298.885561,983975,63.0
1549739299.893127,984215,35.0
1549739301.535597,984607,50.0
1549739303.486681,985074,67.0
1549739305.159114,985447,69.0
1549739309.008019,986366,65.0
1549739320.2005289,989052,64.0
1549739322.492925,989602,26.0
1549739330.91656,991608,42.0
1549739332.9627452,992098,54.0
1549739333.245892,992163,65.0
1549739338.135079,993289,34.0
1549739339.779922,993679,31.0
1549739346.730569,995344,55.0
1549739348.787982,995828,59.0
1549739349.957113,996107,81.0
1549739352.683499,996761,48.0
1549739354.407309,997167,48.0
1549739357.199297,997833,17.0
1549739364.289983,999520,26.0
1549739364.938287,999673,66.0
1549739372.8870022,1001574,64.0
1549739373.54894,1001726,40.0
1549739378.198422,1002827,25.0
1549739379.565749,1003154,77.0
1549739380.2191281,1003310,77.0
1549739386.720594,1004854,49.0
1549739388.0088372,1005161,79.0
1549739389.2751832,1005462,65.0
1549739389.716921,1005568,62.0
1549739391.711909,1006037,53.0
1549739392.727983,1006275,61.0
1549739395.50298,1006932,54.0
1549739397.162909,1007328,54.0
1549739400.562027,1008135,51.0
1549739405.787631,1009382,55.0
1549739409.546286,1010277,54.0
1549739411.252705,1010681,27.0
1549739414.556193,1011459,52.0
1549739419.657762,1012672,43.0
1549739424.444181,1013811,48.0
1549739424.7380748,1013880,35.0
1549739424.877692,1013913,33.0
1549739436.757925,1016737,17.0
1549739437.200661,1016842,36.0
1549739439.362444,1017359,66.0
1549739446.773303,1019117,64.0
1549739453.080538,1020617,37.0
1549739458.193812,1021834,34.0
1549739462.879633,1022955,58.0
1549739469.5156102,1024536,55.0
1549739470.995344,1024884,32.0
1549739478.364356,1026635,28.0
1549739482.08071,1027513,36.0
1549739486.409405,1028544,65.0
1549739492.1913128,1029918,128.0
1549739492.9905028,1030110,71.0
1549739494.5748339,1030485,61.0
1549739495.00301,1030587,53.0
1549739498.581554,1031440,68.0
1549739499.853748,1031742,45.0
1549739501.5212932,1032137,64.0
1549739504.394638,1032801,31.0
1549739507.3670778,1033499,41.0
1549739518.16736,1036083,23.0
1549739520.745035,1036698,54.0
1549739521.151913,1036794,45.0
1549739522.8039749,1037188,43.0
1549739525.344116,1037786,44.0
1549739527.9693,1038410,57.0
1549739528.4808068,1038531,55.0
1549739531.943925,1039359,67.0
1549739535.5999181,1040224,46.0
1549739541.476105,1041621,50.0
1549739546.815205,1042888,58.0
1549739547.703081,1043099,11.0
1549739549.334162,1043486,51.0
1549739554.768584,1044774,45.0
1549739559.2316859,1045827,31.0
1549739559.4083278,1045869,42.0
1549739562.819586,1046680,50.0
1549739568.5676858,1048032,55.0
1549739569.458464,1048239,36.0
1549739575.960994,1049667,40.0
1549739578.288689,1050220,44.0
1549739578.677464,1050313,41.0
1549739578.899492,1050366,53.0
1549739583.128949,1051367,26.0
1549739583.94803,1051560,47.0
1549739586.178062,1052090,49.0
1549739588.094984,1052547,51.0
1549739588.874558,1052730,16.0
1549739589.9829419,1052993,53.0
1549739593.465442,1053816,19.0
1549739595.481631,1054295,19.0
1549739602.6252239,1055989,29.0
1549739617.104519,1059434,36.0
1549739619.891196,1060094,50.0
1549739621.816381,1060543,49.0
1549739622.5564978,1060714,30.0
1549739625.331321,1061365,39.0
1549739631.2465122,1062767,69.0
1549739632.475928,1063057,35.0
1549739643.629722,1065723,268.0
1549739648.113806,1066794,45.0
1549739648.9910789,1067000,43.0
1549739652.1598878,1067755,26.0
1549739655.750463,1068598,68.0
1549739671.843704,1072433,57.0
1549739674.0619378,1072962,60.0
1549739680.756476,1074561,33.0
1549739686.127203,1075838,28.0
1549739686.9625778,1076038,58.0
1549739692.4514282,1077350,80.0
1549739715.253123,1082812,139.0
1549739720.440751,1084066,145.0
1549739730.183038,1086413,63.0
1549739735.527931,1087692,64.0
1549739741.066601,1089008,53.0
1549739751.23464,1091424,16.0
1549739758.308515,1093116,31.0
1549739770.4992561,1096021,67.0
1549739773.654314,1096762,39.0
1549739780.413874,1098381,27.0
1549739781.934649,1098744,38.0
1549739785.5361228,1099591,62.0
1549739790.711308,1100823,53.0
1549739791.791866,1101081,13.0
1549739794.933727,1101827,24.0
1549739797.5427551,1102450,63.0
1549739798.884143,1102768,71.0
1549739806.639392,1104608,36.0
1549739806.789532,1104644,36.0
1549739810.651198,1105564,58.0
1549739821.963413,1108245,31.0
1549739825.120119,1108994,57.0
1549739830.347573,1110230,15.0
1549739830.602077,1110291,61.0
1549739832.4239511,1110726,53.0
1549739834.848497,1111297,44.0
1549739837.7367082,1111983,56.0
1549739842.3382132,1113087,98.0
1549739843.210603,1113293,58.0
1549739846.87538,1114167,45.0
1549739850.909827,1115127,82.0
1549739854.906089,1116079,29.0
1549739858.0993578,1116841,37.0
1549739860.584631,1117435,64.0
1549739861.195762,1117581,44.0
1549739864.360658,1118334,50.0
1549739864.588898,1118389,55.0
1549739865.57409,1118626,27.0
1549739872.27166,1120220,73.0
1549739878.523537,1121712,59.0
1549739885.895145,1123469,60.0
1549739889.139345,1124241,47.0
1549739897.635286,1126259,44.0
1549739909.749355,1129143,43.0
1549739910.364479,1129288,41.0
1549739914.83136,1130350,30.0
1549739925.96136,1132998,9.0
1549739931.912978,1134419,31.0
1549739932.631896,1134591,59.0
1549739942.289058,1136898,12.0
1549739954.42479,1139794,72.0
1549739958.049053,1140664,53.0
1549739959.846695,1141087,73.0
1549739961.717864,1141530,60.0
1549739972.3807948,1144061,56.0
1549739973.015608,1144213,20.0
1549739973.707008,1144376,56.0
1549739976.401532,1145019,29.0
1549739981.692655,1146280,38.0
1549739986.239648,1147351,59.0
1549739987.955722,1147762,55.0
1549739992.042122,1148728,32.0
1549739995.8101099,1149622,17.0
1549739998.717332,1150316,35.0
1549740005.357523,1151893,59.0
1549740010.05216,1152986,49.0
1549740010.69101,1153139,44.0
1549740013.244092,1153741,40.0
1549740014.099303,1153941,57.0
1549740024.0252979,1156290,73.0
1549740024.179326,1156326,36.0
1549740028.526461,1157364,47.0
1549740029.119303,1157506,55.0
1549740030.932141,1157939,21.0
1549740031.1695411,1157996,57.0
1549740032.244576,1158252,43.0
1549740036.090366,1159166,45.0
1549740036.568278,1159281,51.0
1549740040.0249019,1160102,22.0
1549740052.200775,1162991,49.0
1549740053.5272708,1163306,58.0
1549740060.361405,1164932,53.0
1549740069.2219899,1167037,64.0
1549740074.830194,1168367,44.0
1549740080.783066,1169785,56.0
1549740082.09406,1170099,52.0
1549740085.8959832,1170997,17.0
1549740093.329597,1172765,39.0
1549740093.501122,1172806,41.0
1549740096.3696609,1173494,103.0
1549740098.938124,1174108,35.0
1549740102.0881212,1174860,43.0
1549740105.1448262,1175578,51.0
1549740106.575294,1175920,67.0
1549740110.908459,1176922,49.0
1549740111.769273,1177128,52.0
1549740117.2397718,1178434,72.0
1549740119.7704582,1179038,45.0
1549740134.457654,1182552,52.0
1549740144.352621,1184932,1057.0
1549740153.527661,1187130,67.0
1549740161.1233978,1188937,38.0
1549740168.2731361,1190648,507.0
1549740168.555222,1190715,34.0
1549740169.383722,1190915,200.0
1549740185.985712,1194899,50.0
1549740188.831807,1195571,13.0
1549740190.3498392,1195934,15.0
1549740197.3796759,1197600,60.0
1549740199.624851,1198137,74.0
1549740200.369249,1198314,13.0
1549740201.123075,1198492,20.0
1549740204.139462,1199210,47.0
1549740215.1009521,1201834,65.0
1549740216.8338501,1202245,57.0
1549740222.288665,1203551,92.0
1549740222.526006,1203608,57.0
1549740223.6764412,1203874,71.0
1549740225.098159,1204216,40.0
1549740228.4091442,1205015,479.0
1549740239.1592362,1207606,92.0
1549740240.078908,1207818,13.0
1549740241.244721,1208098,32.0
1549740251.3446841,1210529,77.0
1549740263.3807518,1213424,137.0
1549740269.194232,1214821,68.0
1549740277.794681,1216873,72.0
1549740278.020624,1216927,54.0
1549740278.235882,1216976,49.0
1549740286.02244,1218830,55.0
1549740289.8619268,1219752,45.0
1549740305.9910688,1223628,83.0
1549740308.910571,1224326,66.0
1549740333.568971,1230247,108.0
1549740351.7343512,1234620,71.0
1549740352.3974578,1234778,43.0
1549740363.227088,1237369,69.0
1549740368.419999,1238614,94.0
1549740377.4757388,1240765,58.0
1549740386.6216698,1242962,45.0
1549740388.2337768,1243349,49.0
1549740390.612475,1243918,60.0
1549740395.1438951,1245001,18.0
1549740400.976338,1246401,74.0
1549740406.983896,1247847,68.0
1549740408.108106,1248116,50.0
1549740421.829346,1251438,3000.0
1549740491.309085,1268292,119.0
1549740496.3376498,1269507,467.0
1549740540.489782,1280183,119.0
1549740542.754019,1280724,108.0
1549740566.469323,1286487,55.0
1549740587.441623,1291554,147.0
1549740589.4778318,1292044,43.0
1549740591.8734221,1292620,65.0
1549740592.449255,1292758,62.0
1549740595.90911,1293587,110.0
1549740607.7959628,1296463,155.0
1549740613.088753,1297727,36.0
1549740615.5404968,1298299,70.0
1549740630.23763,1301835,41.0
1549740633.929854,1302723,121.0
1549740636.8624902,1303428,50.0
1549740653.4422731,1307385,23.0
1549740665.917863,1310382,123.0
1549740678.2246451,1313331,60.0
1549740685.282238,1315002,48.0
1549740688.435966,1315759,55.0
1549740691.097715,1316399,53.0
1549740695.678134,1317495,47.0
1549740700.020323,1318531,38.0
1549740703.7536461,1319404,100.0
1549740704.520996,1319588,73.0
1549740710.380728,1320995,91.0
1549740715.574774,1322234,65.0
1549740737.558722,1327486,43.0
1549740747.054063,1329755,55.0
1549740749.548616,1330345,50.0
1549740751.05904,1330705,82.0
1549740756.9732502,1332112,54.0
1549740757.272025,1332184,72.0
1549740759.4014552,1332693,90.0
1549740767.476875,1334614,105.0
1549740772.476078,1335804,48.0
1549740775.1529,1336441,86.0
1549740778.5021791,1337240,34.0
1549740779.239104,1337416,34.0
1549740791.963927,1340440,51.0
1549740794.521343,1341045,86.0
1549740796.487496,1341514,46.0
1549740797.3127801,1341711,41.0
1549740798.725364,1342043,84.0
1549740803.0179808,1343070,48.0
1549740807.691096,1344184,72.0
1549740810.096413,1344753,89.0
1549740842.6874602,1352594,34.0
1549740872.651053,1359840,47.0
1549740882.017406,1362112,34.0
1549740882.873194,1362318,106.0
1549740883.218422,1362396,78.0
1549740885.17964,1362865,50.0
1549740888.764375,1363722,37.0
1549740899.689606,1366368,49.0
1549740916.400264,1370392,43.0
1549740918.518093,1370898,30.0
1549740932.093376,1374144,45.0
1549740945.0050628,1377211,49.0
1549740951.860747,1378857,45.0
1549740952.827405,1379088,54.0
1549740957.7250009,1380262,52.0
1549740969.582987,1383096,42.0
1549740970.52082,1383321,50.0
1549740979.560977,1385487,103.0
1549740993.691734,1388874,109.0
1549740997.271573,1389725,29.0
1549741003.763093,1391266,56.0
1549741005.766336,1391745,11.0
1549741006.0162308,1391805,60.0
1549741011.736396,1393165,33.0
1549741013.075021,1393487,54.0
1549741014.0128992,1393710,59.0
1549741017.136111,1394455,58.0
1549741026.108005,1396598,50.0
1549741031.009553,1397763,42.0
1549741046.275475,1401400,35.0
1549741065.814167,1406068,135.0
1549741073.761308,1407970,22.0
1549741080.193745,1409502,18.0
1549741080.31175,1409530,28.0
1549741084.4411771,1410514,48.0
1549741091.456471,1412183,60.0
1549741092.276315,1412378,44.0
1549741093.075964,1412569,20.0
1549741095.077318,1413033,49.0
1549741100.343689,1414291,60.0
1549741100.572982,1414346,55.0
1549741101.926483,1414669,33.0
1549741104.678654,1415304,47.0
1549741106.475669,1415722,21.0
1549741109.5162408,1416441,34.0
1549741109.962232,1416547,63.0
1549741114.128587,1417539,67.0
1549741114.3774269,1417599,60.0
1549741114.554039,1417641,42.0
1549741115.1648939,1417780,49.0
1549741119.850612,1418900,43.0
1549741128.2553432,1420906,44.0
1549741130.263127,1421382,30.0
1549741130.85838,1421524,30.0
1549741132.809429,1421986,18.0
1549741132.984881,1422028,42.0
1549741135.130825,1422536,49.0
1549741137.161,1423021,19.0
1549741139.462102,1423561,71.0
1549741141.0674932,1423945,55.0
1549741143.2380211,1424466,67.0
1549741152.40148,1426650,68.0
1549741154.4894211,1427142,71.0
1549741155.4828491,1427381,45.0
1549741162.495784,1429063,63.0
1549741165.593162,1429798,26.0
1549741167.150147,1430164,74.0
1549741169.753887,1430783,53.0
1549741170.195928,1430889,56.0
1549741171.835386,1431281,71.0
1549741172.570826,1431456,25.0
1549741173.286562,1431625,60.0
1549741173.533091,1431684,59.0
1549741174.386935,1431889,13.0
1549741179.942401,1433219,70.0
1549741182.293791,1433775,50.0
1549741183.310622,1434013,41.0
1549741186.687944,1434819,38.0
1549741189.483341,1435485,43.0
1549741197.414193,1437378,59.0
1549741197.630101,1437430,52.0
1549741199.402699,1437852,35.0
1549741201.4926898,1438349,34.0
1549741204.1528971,1438983,60.0
1549741208.624906,1440051,52.0
1549741213.192388,1441136,52.0
1549741213.4792802,1441202,66.0
1549741214.96149,1441559,74.0
1549741221.758487,1443182,47.0
1549741225.9934452,1444187,80.0
1549741231.3289769,1445465,54.0
1549741260.308217,1452400,60.0
1549741263.0493078,1453059,133.0
1549741266.90576,1453983,12.0
1549741267.4464252,1454112,43.0
1549741269.838353,1454679,61.0
1549741276.667349,1456305,50.0
1549741284.408281,1458147,41.0
1549741284.769978,1458234,87.0
1549741287.5269692,1458898,85.0
1549741289.178881,1459293,90.0
1549741300.955533,1462117,52.0
1549741304.628329,1462985,62.0
1549741307.0645142,1463568,21.0
1549741310.792799,1464454,52.0
1549741311.287868,1464572,63.0
1549741313.433206,1465069,70.0
1549741318.1239219,1466194,138.0
1549741318.31167,1466239,45.0
1549741323.035563,1467369,58.0
1549741327.688232,1468479,38.0
1549741330.016373,1469032,57.0
1549741332.3987331,1469603,43.0
1549741338.308507,1471005,59.0
1549741340.7345111,1471585,50.0
1549741350.136367,1473831,56.0
1549741350.997223,1474039,119.0
1549741392.645371,1484110,52.0
1549741393.807429,1484376,10.0
1549741448.380627,1497567,83.0
1549741455.744025,1499360,1793.0
1549741478.315089,1504738,62.0
1549741480.5666292,1505280,52.0
1549741502.6181812,1510518,395.0
1549741502.907733,1510571,53.0
1549741532.4233458,1517033,68.0
1549741536.104704,1517823,37.0
1549741542.668819,1519318,80.0
1549741550.638937,1521141,26.0
1549741552.870195,1521648,51.0
1549741554.367073,1521989,50.0
1549741555.237874,1522187,17.0
1549741559.813128,1523227,33.0
1549741568.3505971,1525134,89.0
1549741568.7301278,1525222,88.0
